{
	"menu_id": "p3dtext_options_rssmenu_function",
	"parent_menu_id": "p3dtext_options_hud_function",
	"title": "rss_options",
	"back_callback": "settings_save",
	"items": [
		{
			"type": "multiple_choice",
			"id": "gap_menus_text",
			"title": "",
			"items": [
				"gap_menus_text"
			],
			"value": "gap_menus_text",
			"default_value": false
		},
		{
			"type": "divider",
			"size": 5
		},
		{
			"type": "toggle",
			"id": "removeNewHeistsGui",
			"title": "removeNewHeistsGui_title",
			"description": "removeNewHeistsGui_desc",
			"callback": "settings_callback_toggle",
			"value": "removeNewHeistsGui",
			"default_value": false
		},
		{
			"type": "toggle",
			"id": "removeWallet",
			"title": "removeWallet_title",
			"description": "removeWallet_desc",
			"callback": "settings_callback_toggle",
			"value": "removeWallet",
			"default_value": false
		},
		{
			"type": "toggle",
			"id": "show_main",
			"title": "show_main_title",
			"description": "show_main_desc",
			"callback": "settings_callback_toggle",
			"value": "show_main",
			"default_value": false
		},
		{
			"type": "toggle",
			"id": "show_pause",
			"title": "show_pause_title",
			"description": "show_pause_desc",
			"callback": "settings_callback_toggle",
			"value": "show_pause",
			"default_value": false
		},
		{
			"type": "toggle",
			"id": "show_lobby",
			"title": "show_lobby_title",
			"description": "show_lobby_desc",
			"callback": "settings_callback_toggle",
			"value": "show_lobby",
			"default_value": false
		},
		{
			"type": "toggle",
			"id": "show_spree",
			"title": "show_spree_title",
			"description": "show_spree_desc",
			"callback": "settings_callback_toggle",
			"value": "show_spree",
			"default_value": false
		},
		{
			"type": "divider",
			"size": 25
		},
		{
			"type": "multiple_choice",
			"id": "gap_offsets_text",
			"title": "",
			"items": [
				"gap_offsets_text"
			],
			"value": "gap_offsets_text",
			"default_value": false
		},
		{
			"type": "divider",
			"size": 5
		},
		{
			"type": "slider",
			"id": "OFFSET_X",
			"title": "OFFSET_X_title",
			"description": "OFFSET_X_desc",
			"callback": "settings_callback",
			"value": "OFFSET_X",
			"default_value": 0,
			"max": 1000,
			"min": -1000,
			"step": 1
		},
		{
			"type": "slider",
			"id": "OFFSET_Y",
			"title": "OFFSET_Y_title",
			"description": "OFFSET_Y_desc",
			"callback": "settings_callback",
			"value": "OFFSET_Y",
			"default_value": 0,
			"max": 1000,
			"min": -1000,
			"step": 1
		},
		{
			"type": "divider",
			"size": 25
		},
		{
			"type": "multiple_choice",
			"id": "gap_time_text",
			"title": "",
			"items": [
				"gap_time_text"
			],
			"value": "gap_time_text",
			"default_value": false
		},
		{
			"type": "divider",
			"size": 5
		},
		{
			"type": "slider",
			"id": "PRESENT_TIME",
			"title": "PRESENT_TIME_title",
			"description": "PRESENT_TIME_desc",
			"callback": "settings_callback",
			"value": "PRESENT_TIME",
			"default_value": 0.5,
			"max": 5,
			"min": 0,
			"step": 1
		},
		{
			"type": "slider",
			"id": "SUSTAIN_TIME",
			"title": "SUSTAIN_TIME_title",
			"description": "SUSTAIN_TIME_desc",
			"callback": "settings_callback",
			"value": "SUSTAIN_TIME",
			"default_value": 6,
			"max": 20,
			"min": 0,
			"step": 1
		},
		{
			"type": "slider",
			"id": "REMOVE_TIME",
			"title": "REMOVE_TIME_title",
			"description": "REMOVE_TIME_desc",
			"callback": "settings_callback",
			"value": "REMOVE_TIME",
			"default_value": 0.5,
			"max": 5,
			"min": 0,
			"step": 1
		},
		{
			"type": "divider",
			"size": 25
		},
		{
			"type": "multiple_choice",
			"id": "gap_news_text",
			"title": "",
			"items": [
				"gap_news_text"
			],
			"value": "gap_news_text",
			"default_value": false
		},
		{
			"type": "divider",
			"size": 5
		},
		{
			"type": "slider",
			"id": "MAX_NEWS",
			"title": "MAX_NEWS_title",
			"description": "MAX_NEWS_desc",
			"callback": "settings_callback",
			"value": "MAX_NEWS",
			"default_value": 30,
			"max": 80,
			"min": 0,
			"step": 1
		},
		{
			"type": "slider",
			"id": "MAX_NEWS_SHOW",
			"title": "MAX_NEWS_SHOW_title",
			"description": "MAX_NEWS_SHOW_desc",
			"callback": "settings_callback",
			"value": "MAX_NEWS_SHOW",
			"default_value": 10,
			"max": 50,
			"min": 0,
			"step": 1
		},
		{
			"type": "toggle",
			"id": "MIX",
			"title": "MIX_title",
			"description": "MIX_desc",
			"callback": "settings_callback_toggle",
			"value": "MIX",
			"default_value": false
		}
	]
}