{
	"menu_id": "p3dtext_options_auto_F2",
	"parent_menu_id": "p3dtext_options_othermenu_function",
	"title": "Weapon_Menu_Config_func",
	"back_callback": "settings_save",
	"items": [
		{
			"type": "multiple_choice",
			"id": "Auto_func",
			"title": "",
			"items": [
				"Auto_func"
			],
			"value": "Auto_func",
			"default_value": false
		},
		{
			"type": "multiple_choice",
			"id": "Weapon_Menu_Config_func",
			"title": "",
			"items": [
				"Weapon_Menu_Config_func"
			],
			"value": "Weapon_Menu_Config_func",
			"default_value": false
		},
		{
			"type": "divider",
			"size": 5
		},
		{
			"type": "toggle",
			"id": "Weapon_Menu_Config",
			"title": "Activator_Functions_title",
			"description": "Activator_Functions_desc",
			"callback": "settings_callback_toggle",
			"value": "Weapon_Menu_Config",
			"default_value": false
		},
		{
			"type": "divider",
			"size": 25
		},
		{
			"type": "multiple_choice",
			"id": "weapon_settings_f2",
			"title": "",
			"items": [
				"menu_loadout"
			],
			"value": "weapon_settings_f2",
			"default_value": false
		},
		{
			"type": "divider",
			"size": 5
		},
		{
			"type": "toggle",
			"id": "Bullet_Explode",
			"title": "BulletExplode",
			"callback": "settings_callback_toggle",
			"value": "Bullet_Explode",
			"default_value": false
		},
		{
			"type": "toggle",
			"id": "Bullet_Fire",
			"title": "BulletFire",
			"callback": "settings_callback_toggle",
			"value": "Bullet_Fire",
			"default_value": false
		},
		{
			"type": "divider",
			"size": 5
		},
		{
			"type": "multiple_choice",
			"id": "damagebuff",
			"title": "",
			"items": [
				"damagebuff"
			],
			"value": "damagebuff",
			"default_value": false
		},
		{
			"type": "divider",
			"size": 5
		},
		{
			"type": "toggle",
			"id": "Weapon_Damage_Multiplier",
			"title": "damagebuff",
			"callback": "settings_callback_toggle",
			"value": "Weapon_Damage_Multiplier",
			"default_value": false
		},
		{
			"type": "slider",
			"id": "Weapon_Damage_Multiplier_Amount",
			"title": "Weapon_Damage_Multiplier_Amount_title",
			"description": "you_can_desc",
			"callback": "settings_callback",
			"value": "Weapon_Damage_Multiplier_Amount",
			"default_value": 500,
			"max": 1000,
			"min": 0,
			"step": 5
		},
		{
			"type": "divider",
			"size": 5
		},
		{
			"type": "toggle",
			"id": "Weapon_Fire_Rate_Multiplier",
			"title": "Weapon_Fire_Rate_Multiplier_title",
			"callback": "settings_callback_toggle",
			"value": "Weapon_Fire_Rate_Multiplier",
			"default_value": false
		},
		{
			"type": "toggle",
			"id": "Infinite_Ammo",
			"title": "infammo",
			"callback": "settings_callback_toggle",
			"value": "Infinite_Ammo",
			"default_value": false
		},
		{
			"type": "toggle",
			"id": "inf_ammo_reload",
			"title": "inf_ammo_reload",
			"callback": "settings_callback_toggle",
			"value": "inf_ammo_reload",
			"default_value": false
		},
		{
			"type": "divider",
			"size": 25
		},
		{
			"type": "multiple_choice",
			"id": "fsentry",
			"title": "",
			"items": [
				"bm_equipment_sentry_gun"
			],
			"value": "fsentry",
			"default_value": false
		},
		{
			"type": "divider",
			"size": 5
		},
		{
			"type": "toggle",
			"id": "Sentry_Infinite_Ammo",
			"title": "infsentry",
			"callback": "settings_callback_toggle",
			"value": "Sentry_Infinite_Ammo",
			"default_value": false
		},
		{
			"type": "toggle",
			"id": "Sentry_God_Mode",
			"title": "godsentry",
			"callback": "settings_callback_toggle",
			"value": "Sentry_God_Mode",
			"default_value": false
		},
		{
			"type": "divider",
			"size": 25
		},
		{
			"type": "multiple_choice",
			"id": "melee_info",
			"title": "",
			"items": [
				"bm_menu_melee_weapons"
			],
			"value": "melee_info",
			"default_value": false
		},
		{
			"type": "divider",
			"size": 5
		},
		{
			"type": "toggle",
			"id": "melee_range",
			"title": "melee_range",
			"callback": "settings_callback_toggle",
			"value": "melee_range",
			"default_value": false
		},
		{
			"type": "toggle",
			"id": "melee_charge",
			"title": "melee_charge",
			"callback": "settings_callback_toggle",
			"value": "melee_charge",
			"default_value": false
		},
		{
			"type": "toggle",
			"id": "melee_no_delay",
			"title": "melee_no_delay",
			"callback": "settings_callback_toggle",
			"value": "melee_no_delay",
			"default_value": false
		}
	]
}