{
	"menu_id": "p3dtext_options_auto_F3",
	"parent_menu_id": "p3dtext_options_othermenu_function",
	"title": "Stealth_Menu_Config_func",
	"back_callback": "settings_save",
	"items": [
		{
			"type": "multiple_choice",
			"id": "Auto_func",
			"title": "",
			"items": [
				"Auto_func"
			],
			"value": "Auto_func",
			"default_value": false
		},
		{
			"type": "multiple_choice",
			"id": "Stealth_Menu_Config_func",
			"title": "",
			"items": [
				"Stealth_Menu_Config_func"
			],
			"value": "Stealth_Menu_Config_func",
			"default_value": false
		},
		{
			"type": "divider",
			"size": 5
		},
		{
			"type": "toggle",
			"id": "Stealth_Menu_Config",
			"title": "Activator_Functions_title",
			"description": "Activator_Functions_desc",
			"callback": "settings_callback_toggle",
			"value": "Stealth_Menu_Config",
			"default_value": false
		},
		{
			"type": "divider",
			"size": 25
		},
		{
			"type": "multiple_choice",
			"id": "First_column",
			"title": "",
			"items": [
				"First_column"
			],
			"value": "First_column",
			"default_value": false
		},
		{
			"type": "divider",
			"size": 5
		},
		{
			"type": "toggle",
			"id": "Cops_Dont_Shoot",
			"title": "cops_dont_shoot",
			"description": "global_host",
			"callback": "settings_callback_toggle",
			"value": "Cops_Dont_Shoot",
			"default_value": false
		},
		{
			"type": "toggle",
			"id": "Disable_Cameras",
			"title": "disable_cams",
			"description": "global_host",
			"callback": "settings_callback_toggle",
			"value": "Disable_Cameras",
			"default_value": false
		},
		{
			"type": "toggle",
			"id": "Disable_Pagers",
			"title": "disable_pagers",
			"callback": "settings_callback_toggle",
			"value": "Disable_Pagers",
			"default_value": false
		},
		{
			"type": "toggle",
			"id": "Free_Civ_Kills",
			"title": "free_kill",
			"callback": "settings_callback_toggle",
			"value": "Free_Civ_Kills",
			"default_value": false
		},
		{
			"type": "toggle",
			"id": "No_Pager_Dominate",
			"title": "pagedom",
			"description": "global_host",
			"callback": "settings_callback_toggle",
			"value": "No_Pager_Dominate",
			"default_value": false
		},
		{
			"type": "divider",
			"size": 25
		},
		{
			"type": "multiple_choice",
			"id": "Second_column",
			"title": "",
			"items": [
				"Second_column"
			],
			"value": "Second_column",
			"default_value": false
		},
		{
			"type": "divider",
			"size": 5
		},
		{
			"type": "toggle",
			"id": "No_Panic",
			"title": "prevent_panic_buttons",
			"description": "global_host",
			"callback": "settings_callback_toggle",
			"value": "No_Panic",
			"default_value": false
		},
		{
			"type": "toggle",
			"id": "Dont_Call_Police",
			"title": "people_dont_call_police",
			"description": "global_host",
			"callback": "settings_callback_toggle",
			"value": "Dont_Call_Police",
			"default_value": false
		},
		{
			"type": "toggle",
			"id": "Lobotimize_AI",
			"title": "lobai",
			"description": "global_host",
			"callback": "settings_callback_toggle",
			"value": "Lobotimize_AI",
			"default_value": false
		},
		{
			"type": "toggle",
			"id": "Random_Pagers",
			"title": "randompage",
			"description": "global_host",
			"callback": "settings_callback_toggle",
			"value": "Random_Pagers",
			"default_value": false
		},
		{
			"type": "toggle",
			"id": "Steal_Pagers",
			"title": "steal_pagers_on_melee",
			"description": "steal_pagers_on_melee_help",
			"callback": "settings_callback_toggle",
			"value": "Steal_Pagers",
			"default_value": false
		},
		{
			"type": "divider",
			"size": 25
		},
		{
			"type": "multiple_choice",
			"id": "Third_column",
			"title": "",
			"items": [
				"Third_column"
			],
			"value": "Third_column",
			"default_value": false
		},
		{
			"type": "divider",
			"size": 5
		},
		{
			"type": "toggle",
			"id": "Unlimited_BodyBags",
			"title": "Unlimited_BodyBags_title",
			"callback": "settings_callback_toggle",
			"value": "Unlimited_BodyBags",
			"default_value": false
		},
		{
			"type": "toggle",
			"id": "inf_cable",
			"title": "inf_cable",
			"callback": "settings_callback_toggle",
			"value": "inf_cable",
			"default_value": false
		},
		{
			"type": "toggle",
			"id": "Inf_Cam_Loops_and_Duration",
			"title": "Inf_Cam_Loops_and_Duration",
			"callback": "settings_callback_toggle",
			"value": "Inf_Cam_Loops_and_Duration",
			"default_value": false
		}
	]
}