{
	"menu_id": "p3dtext_options_auto_F7",
	"parent_menu_id": "p3dtext_options_othermenu_function",
	"title": "InteractTimer_Menu_Config_func",
	"back_callback": "settings_save",
	"items": [
		{
			"type": "multiple_choice",
			"id": "Auto_func",
			"title": "",
			"items": [
				"Auto_func"
			],
			"value": "Auto_func",
			"default_value": false
		},
		{
			"type": "multiple_choice",
			"id": "InteractTimer_Menu_Config_func",
			"title": "",
			"items": [
				"InteractTimer_Menu_Config_func"
			],
			"value": "InteractTimer_Menu_Config_func",
			"default_value": false
		},
		{
			"type": "divider",
			"size": 5
		},
		{
			"type": "toggle",
			"id": "Interact_Timer_Config",
			"title": "Activator_Functions_title",
			"description": "Activator_Functions_desc",
			"callback": "settings_callback_toggle",
			"value": "Interact_Timer_Config",
			"default_value": false
		},
		{
			"type": "divider",
			"size": 25
		},
		{
			"type": "multiple_choice",
			"id": "First_column",
			"title": "",
			"items": [
				"First_column"
			],
			"value": "First_column",
			"default_value": false
		},
		{
			"type": "divider",
			"size": 5
		},
		{
			"type": "toggle",
			"id": "InteractDrillJam",
			"title": "InteractDrillJam",
			"callback": "settings_callback_toggle",
			"value": "InteractDrillJam",
			"default_value": false
		},
		{
			"type": "toggle",
			"id": "InteractECMJam",
			"title": "InteractECMJam",
			"callback": "settings_callback_toggle",
			"value": "InteractECMJam",
			"default_value": false
		},
		{
			"type": "toggle",
			"id": "InteractPager",
			"title": "InteractPager",
			"callback": "settings_callback_toggle",
			"value": "InteractPager",
			"default_value": false
		},
		{
			"type": "toggle",
			"id": "InteractPickLock",
			"title": "InteractPickLock",
			"callback": "settings_callback_toggle",
			"value": "InteractPickLock",
			"default_value": false
		},
		{
			"type": "toggle",
			"id": "InteractRevive",
			"title": "InteractRevive",
			"callback": "settings_callback_toggle",
			"value": "InteractRevive",
			"default_value": false
		},
		{
			"type": "slider",
			"id": "InteractTimer_Value",
			"title": "InteractTimer_Value_title",
			"description": "you_can_desc",
			"callback": "settings_callback",
			"value": "InteractTimer_Value",
			"default_value": 3,
			"max": 10,
			"min": 0,
			"step": 1
		}
	]
}