{
	"menu_id": "p3dtext_options_auto_F10",
	"parent_menu_id": "p3dtext_options_othermenu_function",
	"title": "Job_Menu_Config_button_func",
	"back_callback": "settings_save",
	"items": [
		{
			"type": "multiple_choice",
			"id": "Auto_func",
			"title": "",
			"items": [
				"Auto_func"
			],
			"value": "Auto_func",
			"default_value": false
		},
		{
			"type": "multiple_choice",
			"id": "Job_Menu_Config_button_func",
			"title": "",
			"items": [
				"Job_Menu_Config_button_func"
			],
			"value": "Job_Menu_Config_button_func",
			"default_value": false
		},
		{
			"type": "divider",
			"size": 5
		},
		{
			"type": "toggle",
			"id": "Job_Menu_Config",
			"title": "Activator_Functions_title",
			"description": "Activator_Functions_desc",
			"callback": "settings_callback_toggle",
			"value": "Job_Menu_Config",
			"default_value": false
		},
		{
			"type": "divider",
			"size": 25
		},
		{
			"type": "multiple_choice",
			"id": "First_column",
			"title": "",
			"items": [
				"First_column"
			],
			"value": "First_column",
			"default_value": false
		},
		{
			"type": "divider",
			"size": 5
		},
		{
			"type": "multiple_choice",
			"id": "Secure_BodyBags_title",
			"title": "",
			"items": [
				"Secure_BodyBags_title"
			],
			"value": "Secure_BodyBags_title",
			"default_value": false
		},
		{
			"type": "divider",
			"size": 5
		},
		{
			"type": "toggle",
			"id": "Secure_BodyBags",
			"title": "Secure_BodyBags_title",
			"callback": "settings_callback_toggle",
			"value": "Secure_BodyBags",
			"default_value": false
		},
		{
			"type": "slider",
			"id": "Secure_BodyBags_Loot_Value",
			"title": "Secure_BodyBags_Loot_Value_title",
			"description": "Secure_BodyBags_Loot_Value_desc",
			"callback": "settings_callback",
			"value": "Secure_BodyBags_Loot_Value",
			"default_value": 1000,
			"max": 10000,
			"min": 1000,
			"step": 1000
		},
		{
			"type": "divider",
			"size": 25
		},
		{
			"type": "multiple_choice",
			"id": "Toggle_Interact_title",
			"title": "",
			"items": [
				"Toggle_Interact_title"
			],
			"value": "Toggle_Interact_title",
			"default_value": false
		},
		{
			"type": "divider",
			"size": 5
		},
		{
			"type": "toggle",
			"id": "Toggle_Interact",
			"title": "Toggle_Interact_title",
			"description": "Toggle_Interact_desc",
			"callback": "settings_callback_toggle",
			"value": "Toggle_Interact",
			"default_value": false
		},
		{
			"type": "toggle",
			"id": "Interaction_CoolDown",
			"title": "Interaction_CoolDown_title",
			"callback": "settings_callback_toggle",
			"value": "Interaction_CoolDown",
			"default_value": false
		},
		{
			"type": "toggle",
			"id": "look_while_interacting",
			"title": "look_while_interacting",
			"callback": "settings_callback_toggle",
			"value": "look_while_interacting",
			"default_value": false
		},
		{
			"type": "divider",
			"size": 25
		},
		{
			"type": "toggle",
			"id": "Grenade_Restrict",
			"title": "Grenade_Restrict_title",
			"callback": "settings_callback_toggle",
			"value": "Grenade_Restrict",
			"default_value": false
		},
		{
			"type": "toggle",
			"id": "notimer",
			"title": "text_f10_3с_2",
			"callback": "settings_callback_toggle",
			"value": "notimer",
			"default_value": false
		},
		{
			"type": "toggle",
			"id": "Pager_Mod",
			"title": "Pager_Mod_title",
			"description": "global_host",
			"callback": "settings_callback_toggle",
			"value": "Pager_Mod",
			"default_value": false
		},
		{
			"type": "divider",
			"size": 25
		},
		{
			"type": "multiple_choice",
			"id": "XP_Multiplier_title",
			"title": "",
			"items": [
				"XP_Multiplier_title"
			],
			"value": "XP_Multiplier_title",
			"default_value": false
		},
		{
			"type": "divider",
			"size": 5
		},
		{
			"type": "toggle",
			"id": "XP_Multiplier",
			"title": "XP_Multiplier_title",
			"callback": "settings_callback_toggle",
			"value": "XP_Multiplier",
			"default_value": false
		},
		{
			"type": "slider",
			"id": "XP_Multiplier_Amount",
			"title": "XP_Multiplier_Amount_title",
			"description": "select_value",
			"callback": "settings_callback",
			"value": "XP_Multiplier_Amount",
			"default_value": 2,
			"max": 10,
			"min": 0,
			"step": 0.5
		}
	]
}