{
	"menu_id": "p3dtext_options_menu",
	"parent_menu_id": "blt_options",
	"title": "P3DHack_Config",
	"back_callback": "settings_save",
	"items": [
		{
			"type": "multiple_choice",
			"id": "save_and_reload_btn",
			"title": "",
			"items": [
				"save_and_reload_title"
			],
			"value": "save_and_reload_btn",
			"default_value": false
		},
		{
			"type": "divider",
			"size": 5
		},
		{
			"type" : "button",
			"id" : "save_and_reload",
			"title" : "save_and_reload_title",
			"description" : "save_and_reload_desc",
			"callback" : "save_and_reload"
		},
		{
			"type": "divider",
			"size": 25
		},
		{
			"type": "multiple_choice",
			"id": "Language_text",
			"title": "",
			"items": [
				"Language_text"
			],
			"value": "Language_text",
			"default_value": false
		},
		{
			"type": "divider",
			"size": 5
		},
		{
			"type": "multiple_choice",
			"id": "p3dtext_language",
			"title": "p3dtext_language_title",
			"callback": "p3dtext_language_callback",
			"items": [
				"P3D_Eng",
				"P3D_Rus",
				"P3D_Fre",
				"P3D_Ger",
				"P3D_Spa",
				"P3D_Por",
				"P3D_Znc",
				"P3D_Dan",
				"P3D_Slo",
				"P3D_Trc",
				"P3D_Swe",
				"P3D_Cus"
			],
			"value": "P3D_lang",
			"default_value": 1
		},
		{
			"type": "divider",
			"size": 25
		},
		{
			"type": "multiple_choice",
			"id": "Unlockers",
			"title": "",
			"items": [
				"Unlockers"
			],
			"value": "Unlockers",
			"default_value": false
		},
		{
			"type": "divider",
			"size": 5
		},
		{
			"type" : "button",
			"id" : "p3dtext_unlockers_menu_button",
			"title" : "Unlockers",
			"callback" : "p3dtext_unlockers_menu_button"
		},
		{
			"type": "divider",
			"size": 25
		},
		{
			"type": "multiple_choice",
			"id": "P3DHack_Beta",
			"title": "",
			"description" : "P3DHack_Beta_desc",
			"items": [
				"P3DHack_Beta"
			],
			"value": "P3DHack_Beta",
			"default_value": false
		},
		{
			"type": "divider",
			"size": 5
		},
		{
			"type" : "button",
			"id" : "ThemeMenu",
			"title" : "ThemeMenu_title",
			"description" : "ThemeMenu_desc",
			"callback" : "ThemeMenu"
		},
		{
			"type": "divider",
			"size": 25
		},
		{
			"type": "multiple_choice",
			"id": "hider_text",
			"title": "",
			"items": [
				"hider_title"
			],
			"value": "hider_title",
			"default_value": false
		},
		{
			"type": "divider",
			"size": 5
		},
		{
			"type": "toggle",
			"id": "hider",
			"title": "hider_title",
			"callback": "settings_callback_toggle",
			"value": "hider",
			"default_value": false
		},
		{
			"type": "multiple_choice",
			"id": "hider_type",
			"title": "hider_type_title",
			"callback": "settings_callback",
			"items": [
				"Only_P3D",
				"All"
			],
			"value": "hider_type",
			"default_value": 1
		},
		{
			"type": "divider",
			"size": 25
		},
		{
			"type": "multiple_choice",
			"id": "other_menus",
			"title": "",
			"items": [
				"other_menus"
			],
			"value": "other_menus",
			"default_value": false
		},
		{
			"type": "divider",
			"size": 5
		}
	]
}