{
	"menu_id": "p3dtext_unlockers_menu",
	"parent_menu_id": "p3dtext_options_main_function",
	"title": "Unlockers",
	"back_callback": "settings_save",
	"items": [
		{
			"type": "multiple_choice",
			"id": "Unlockers",
			"title": "",
			"items": [
				"Unlockers"
			],
			"value": "Unlockers",
			"default_value": false
		},
		{
			"type": "divider",
			"size": 5
		},
		{
			"type": "toggle",
			"id": "dlc",
			"title": "dlc_title",
			"callback": "settings_callback_toggle",
			"value": "dlc",
			"default_value": false
		},
		{
			"type": "toggle",
			"id": "skin",
			"title": "skin_title",
			"callback": "settings_callback_toggle",
			"value": "skin",
			"default_value": false
		},
		{
			"type": "toggle",
			"id": "unbannable_skin",
			"title": "unbannable_skin_title",
			"description": "unbannable_skin_desc",
			"callback": "settings_callback_toggle",
			"value": "unbannable_skin",
			"default_value": false
		},
		{
			"type": "toggle",
			"id": "HideWeaponSkinsForOthers",
			"title": "HideWeaponSkinsForOthers",
			"description" : "HideWeaponSkinsForOthers_desc",
			"callback": "settings_callback_toggle",
			"value": "HideWeaponSkinsForOthers",
			"default_value": false
		},
		{
			"type": "toggle",
			"id": "skin_armor",
			"title": "skin_armor_title",
			"callback": "settings_callback_toggle",
			"value": "skin_armor",
			"default_value": false
		},
		{
			"type": "toggle",
			"id": "specific_weapons_unlocker",
			"title": "specific_weapons_unlocker_title",
			"callback": "settings_callback_toggle",
			"value": "specific_weapons_unlocker",
			"default_value": false
		},
		{
			"type": "divider",
			"size": 25
		},
		{
			"type": "multiple_choice",
			"id": "EquipmentSpoofer_func",
			"title": "",
			"items": [
				"EquipmentSpoofer"
			],
			"value": "EquipmentSpoofer_func",
			"default_value": false
		},
		{
			"type": "divider",
			"size": 5
		},
		{
			"type": "toggle",
			"id": "EquipmentSpoofer",
			"title": "EquipmentSpoofer",
			"description" : "EquipmentSpoofer_desc",
			"callback": "settings_callback_toggle",
			"value": "EquipmentSpoofer",
			"default_value": false
		},
		{
			"type": "divider",
			"size": 25
		},
		{
			"type": "multiple_choice",
			"id": "Equipment_column",
			"title": "",
			"items": [
				"Equipment_column"
			],
			"value": "Equipment_column",
			"default_value": false
		},
		{
			"type": "divider",
			"size": 5
		},
		{
			"type": "toggle",
			"id": "EquipmentSpooferPrimary",
			"title": "EquipmentSpooferPrimary",
			"description" : "EquipmentSpooferPrimary_desc",
			"callback": "settings_callback_toggle",
			"value": "EquipmentSpooferPrimary",
			"default_value": false
		},
		{
			"type": "toggle",
			"id": "EquipmentSpooferSecondary",
			"title": "EquipmentSpooferSecondary",
			"description" : "EquipmentSpooferSecondary_desc",
			"callback": "settings_callback_toggle",
			"value": "EquipmentSpooferSecondary",
			"default_value": false
		},
		{
			"type": "toggle",
			"id": "EquipmentSpooferMelee",
			"title": "EquipmentSpooferMelee",
			"description" : "EquipmentSpooferMelee_desc",
			"callback": "settings_callback_toggle",
			"value": "EquipmentSpooferMelee",
			"default_value": false
		},
		{
			"type": "toggle",
			"id": "EquipmentSpooferGrenade",
			"title": "EquipmentSpooferGrenade",
			"description" : "EquipmentSpooferGrenade_desc",
			"callback": "settings_callback_toggle",
			"value": "EquipmentSpooferGrenade",
			"default_value": false
		},
		{
			"type": "toggle",
			"id": "EquipmentSpooferArmor",
			"title": "EquipmentSpooferArmor",
			"description" : "EquipmentSpooferArmor_desc",
			"callback": "settings_callback_toggle",
			"value": "EquipmentSpooferArmor",
			"default_value": false
		},
		{
			"type": "toggle",
			"id": "EquipmentSpooferDeployable",
			"title": "EquipmentSpooferDeployable",
			"description" : "EquipmentSpooferDeployable_desc",
			"callback": "settings_callback_toggle",
			"value": "EquipmentSpooferDeployable",
			"default_value": false
		},
		{
			"type": "toggle",
			"id": "EquipmentSpooferStyleAndSkins",
			"title": "EquipmentSpooferStyleAndSkins",
			"description" : "EquipmentSpooferStyleAndSkins_desc",
			"callback": "settings_callback_toggle",
			"value": "EquipmentSpooferStyleAndSkins",
			"default_value": false
		}
	]
}