{
	"menu_id": "p3dtext_options_crime_spree_function",
	"parent_menu_id": "p3dtext_options_premium",
	"title": "crime_spree_boost",
	"back_callback": "settings_save",
	"items": [
		{
			"type": "multiple_choice",
			"id": "crime_spree",
			"title": "",
			"items": [
				"crime_spree_boost"
			],
			"value": "crime_spree",
			"default_value": false
		},
		{
			"type": "divider",
			"size": 5
		},
		{
			"type": "toggle",
			"id": "crime_spree_boost",
			"title": "crime_spree_boost",
			"callback": "settings_callback_toggle",
			"value": "crime_spree_boost",
			"default_value": false
		},
		{
			"type": "slider",
			"id": "crime_spree_value",
			"title": "set_crime_spree_boost",
			"callback": "settings_callback",
			"value": "crime_spree_value",
			"default_value": 2000,
			"max": 50000,
			"min": 0,
			"step": 100
		}
	]
}