{
	"menu_id": "p3dtext_options_name_spoofer",
	"parent_menu_id": "p3dtext_options_premium",
	"title": "NameSpoofer_title",
	"back_callback": "settings_save",
	"items": [
		{
			"type": "multiple_choice",
			"id": "secret_skills_text",
			"title": "",
			"items": [
				"NameSpoofer_title"
			],
			"value": "NameSpoofer_title",
			"default_value": false
		},
		{
			"type": "divider",
			"size": 5
		},
		{
			"type": "toggle",
			"id": "NameSpoofer",
			"title": "NameSpoofer_title",
			"description": "NameSpoofer_desc",
			"callback": "settings_callback_toggle",
			"value": "NameSpoofer",
			"default_value": false
		},
		{
			"type" : "button",
			"id" : "Edit_NameSpoofer",
			"title" : "Edit_NameSpoofer",
			"description" : "Edit_NameSpoofer_desc",
			"callback" : "Edit_NameSpoofer"
		},
		{
			"type" : "button",
			"id" : "How_to_NameSpoofer",
			"title" : "How_to_NameSpoofer_title",
			"description" : "How_to_NameSpoofer_desc",
			"callback" : "How_to_NameSpoofer"
		}
	]
}