{
	"menu_id": "p3dtext_options_premium",
	"parent_menu_id": "p3dtext_options_main_function",
	"title": "Premium",
	"back_callback": "settings_save",
	"items": [
		{
			"type": "multiple_choice",
			"id": "Main",
			"title": "",
			"items": [
				"Main_function"
			],
			"value": "Main_function",
			"default_value": false
		},
		{
			"type": "divider",
			"size": 5
		},
		{
			"type": "toggle",
			"id": "rave",
			"title": "rave_title",
			"callback": "settings_callback_toggle",
			"value": "rave",
			"default_value": false
		},
		{
			"type": "toggle",
			"id": "ScamDetectionLevel",
			"title": "ScamDetectionLevel_title",
			"description": "ScamDetectionLevel_desc",
			"callback": "settings_callback_toggle",
			"value": "ScamDetectionLevel",
			"default_value": false
		},
		{
			"type": "toggle",
			"id": "spoofs",
			"title": "spoofs_title",
			"description": "spoofs_desc",
			"callback": "settings_callback_toggle",
			"value": "spoofs",
			"default_value": false
		},
		{
			"type": "divider",
			"size": 25
		},
		{
			"type": "multiple_choice",
			"id": "other_menus",
			"title": "",
			"items": [
				"other_menus"
			],
			"value": "other_menus",
			"default_value": false
		},
		{
			"type": "divider",
			"size": 5
		}
	]
}