{
	"menu_id": "p3dtext_options_hud_function",
	"parent_menu_id": "p3dtext_options_main_function",
	"title": "hud_function",
	"back_callback": "p3dtext_menu",
	"items": [
		{
			"type": "multiple_choice",
			"id": "hud",
			"title": "",
			"items": [
				"hud_function"
			],
			"value": "hud_function",
			"default_value": false
		},
		{
			"type": "divider",
			"size": 5
		},
		{
			"type": "toggle",
			"id": "Crosshair",
			"title": "Crosshair_title",
			"callback": "settings_callback_toggle",
			"value": "Crosshair",
			"default_value": false
		},
		{
			"type": "toggle",
			"id": "fast_scroll",
			"title": "fast_scroll_title",
			"description": "fast_scroll_desc",
			"callback": "settings_callback_toggle",
			"value": "fast_scroll",
			"default_value": false
		},
		{
			"type": "toggle",
			"id": "mod_list_lite",
			"title": "mod_list_lite_title",
			"description": "mod_list_lite_desc",
			"callback": "settings_callback_toggle",
			"value": "mod_list_lite",
			"default_value": false
		},
		{
			"type": "toggle",
			"id": "hide_p3dhack_menu",
			"title": "hide_p3dhack_menu_desc",
			"callback": "settings_callback_toggle",
			"value": "hide_p3dhack_menu",
			"default_value": false
		},
		{
			"type": "toggle",
			"id": "hide_text",
			"title": "hide_text_title",
			"description": "hide_text_desc",
			"callback": "settings_callback_toggle",
			"value": "hide_text",
			"default_value": false
		},
		{
			"type": "divider",
			"size": 25
		},
		{
			"type": "multiple_choice",
			"id": "Hide_Functions",
			"title": "",
			"items": [
				"Hide_Functions"
			],
			"value": "Hide_Functions",
			"default_value": false
		},
		{
			"type": "divider",
			"size": 5
		},
		{
			"type" : "button",
			"id" : "Hide_func_button",
			"title" : "Hide_Functions",
			"callback" : "Hide_func_button"
		},
		{
			"type": "divider",
			"size": 25
		},
		{
			"type": "multiple_choice",
			"id": "Skip_Functions",
			"title": "",
			"items": [
				"Skip_Functions"
			],
			"value": "Skip_Functions",
			"default_value": false
		},
		{
			"type": "divider",
			"size": 5
		},
		{
			"type" : "button",
			"id" : "Skip_func_button",
			"title" : "Skip_Functions",
			"callback" : "Skip_func_button"
		},
		{
			"type": "divider",
			"size": 25
		},
		{
			"type": "multiple_choice",
			"id": "rss_options",
			"title": "",
			"items": [
				"rss_options"
			],
			"value": "rss_options",
			"default_value": false
		},
		{
			"type": "divider",
			"size": 5
		}
	]
}